"nonGapSeq1","nonGapSeq2"
"E","E"
"A","R"
"L","L"
"G","G"
"G","S"
"G","G"
"K","K"
"F","F"
"G","G"
"A","Q"
"V","V"
"C","F"
"T","R"
"C","L"
"K","V"
"E","E"
"K","K"
"A","K"
"T","T"
"G","G"
"L","K"
"K","I"
"L","W"
"A","A"
"A","G"
"K","K"
"V","F"
"I","F"
"K","K"
"K","A"
"Q","Y"
"P","S"
"K","K"
"D","E"
"K","K"
"E","E"
"M","N"
"V","I"
"L","R"
"L","E"
"E","E"
"I","I"
"E","S"
"V","I"
"M","M"
"N","N"
"Q","C"
"L","L"
"N","H"
"H","H"
"R","P"
"N","K"
"L","L"
"I","V"
"Q","Q"
"L","C"
"Y","V"
"A","D"
"A","A"
"I","F"
"E","E"
"T","E"
"P","K"
"H","A"
"E","N"
"I","I"
"V","V"
"L","M"
"F","V"
"M","L"
"E","E"
"Y","I"
"I","V"
"E","S"
"G","G"
"G","G"
"E","E"
"L","L"
"F","F"
"E","E"
"R","R"
"I","I"
"V","I"
"D","D"
"E","E"
"D","D"
"Y","F"
"H","E"
"L","L"
"T","T"
"E","E"
"V","R"
"D","E"
"T","C"
"M","I"
"V","Q"
"F","Y"
"V","M"
"R","R"
"Q","Q"
"I","I"
"C","S"
"D","E"
"G","G"
"I","V"
"L","A"
"F","Y"
"M","I"
"H","H"
"K","K"
"M","Q"
"R","G"
"V","I"
"L","V"
"H","H"
"L","L"
"D","D"
"L","L"
"K","K"
"P","P"
"E","E"
"N","N"
"I","I"
"L","M"
"C","C"
"V","V"
"N","N"
"T","K"
"T","T"
"G","G"
"H","T"
"L","R"
"V","I"
"K","K"
"I","L"
"I","I"
"D","D"
"F","F"
"G","G"
"L","L"
"A","A"
"R","R"
"R","R"
"Y","L"
"N","E"
"P","N"
"N","A"
"E","G"
"K","S"
"L","L"
"K","K"
"V","V"
"N","L"
"F","F"
"G","G"
"T","T"
"P","P"
"E","E"
"F","F"
"L","V"
"S","A"
"P","P"
"E","E"
"V","V"
"V","I"
"N","N"
"Y","Y"
"D","E"
"Q","P"
"I","I"
"S","S"
"D","Y"
"K","A"
"T","T"
"D","D"
"M","M"
"W","W"
"S","S"
"M","I"
"G","G"
"V","V"
"I","I"
"T","C"
"Y","Y"
"M","I"
"L","L"
"L","V"
"S","S"
"G","G"
"L","L"
"S","S"
"P","P"
"F","F"
"L","M"
"G","G"
"D","D"
"D","N"
"D","D"
"T","N"
"E","E"
"T","T"
"L","L"
"N","A"
"N","N"
"V","V"
"L","T"
"S","S"
"G","A"
"N","T"
"W","W"
"Y","D"
"F","F"
"D","D"
"E","D"
"E","E"
"T","A"
"F","F"
"E","D"
"A","E"
"V","I"
"S","S"
"D","E"
"E","D"
"A","A"
"K","K"
"D","D"
"F","F"
"V","I"
"S","S"
"N","N"
"L","L"
"I","L"
"V","K"
"K","K"
"D","D"
"Q","M"
"R","K"
"A","N"
"R","R"
"M","L"
"S","N"
"A","C"
"A","T"
"Q","Q"
"C","C"
"L","L"
"A","Q"
"H","H"
"P","P"
"W","W"
"L","L"
"N","M"
"N","K"
"L","D"
"A","T"
"E","K"
"K","N"
"A","M"
"K","E"
"R","K"
"C","K"
"N","L"
"R","S"
"R","K"
"L","D"
"K","R"
"S","M"
"Q","K"
